<?xml version="1.0"?>
<config xmlns:xsi="http://www.w3.org/2001/XMLSchema-instance" xsi:noNamespaceSchemaLocation="urn:magento:framework:ObjectManager/etc/config.xsd">
    <preference for="Kharvi\Dbanner\Api\Data\DbannerInterface" type="Kharvi\Dbanner\Model\Dbanner" />
    <preference for="Kharvi\Dbanner\Api\Data\DbannerSearchResultsInterface" type="Magento\Framework\Api\SearchResults" />
    <preference for="Kharvi\Dbanner\Api\DbannerRepositoryInterface" type="Kharvi\Dbanner\Model\DbannerRepository" />
    
    <type name="Magento\Framework\View\Element\UiComponent\DataProvider\CollectionFactory">
        <arguments>
            <argument name="collections" xsi:type="array">
                <item name="dbanner_listing_data_source" xsi:type="string">Kharvi\Dbanner\Model\ResourceModel\Dbanner\Grid\Collection</item>
            </argument>
        </arguments>
    </type>
    <type name="Kharvi\Dbanner\Model\ResourceModel\Dbanner\Grid\Collection">
        <arguments>
            <argument name="mainTable" xsi:type="string">kharvi_dbanner</argument>
            <argument name="eventPrefix" xsi:type="string">kharvi_dbanner_grid_collection</argument>
            <argument name="eventObject" xsi:type="string">kharvi_dbanner_grid_collection</argument>
            <argument name="resourceModel" xsi:type="string">\Kharvi\Dbanner\Model\ResourceModel\Dbanner</argument>
        </arguments>
    </type>
    
    <type name="Kharvi\Dbanner\Logger\Handler">
        <arguments>
            <argument name="filesystem" xsi:type="object">Magento\Framework\Filesystem\Driver\File</argument>
        </arguments>
    </type>
    <type name="Kharvi\Dbanner\Logger\Logger">
        <arguments>
            <argument name="name" xsi:type="string">dbanner</argument>
            <argument name="handlers"  xsi:type="array">
                <item name="system" xsi:type="object">Kharvi\Dbanner\Logger\Handler</item>
            </argument>
        </arguments>
    </type>
</config>