<?xml version="1.0"?>
<config xmlns:xsi="http://www.w3.org/2001/XMLSchema-instance" xsi:noNamespaceSchemaLocation="urn:magento:module:Magento_Config:etc/system_file.xsd">
    <system>
        <tab id="kharvi_dbanner" translate="label" sortOrder="900"> 
            <label>Kharvi</label>
        </tab>
        <section id="kharvi_dbanner" translate="label" sortOrder="100" showInDefault="1" showInWebsite="1" showInStore="1">
            <class>separator-top</class>
            <label>Kharvi Dbanner Configuration</label>
            <tab>kharvi_dbanner</tab>
            <resource>Kharvi_Dbanner::configuration</resource>
            <group id="general" translate="label" type="text" sortOrder="1" showInDefault="1" showInWebsite="0" showInStore="0">
                <label>General Configuration</label>
                <field id="is_active" translate="label" type="select" showInDefault="1" canRestore="1"  sortOrder="1">
                    <label>Enabled</label>
                    <source_model>Magento\Config\Model\Config\Source\Yesno</source_model>
                </field>
				<field id="users" translate="label" type="text" sortOrder="2" showInDefault="1" showInWebsite="0" showInStore="0">
                    <label>List Of All Users Who can access CMS</label>
                    <tooltip>list of users email comma separated, ex: abc@gmail.com,bcd@gmail.com</tooltip>
                </field>
                <field id="env_mode" translate="ENV Mode" type="select" sortOrder="3" showInDefault="1" showInWebsite="1" showInStore="1">
                    <label>ENV Mode</label>        
                    <source_model>Kharvi\Dbanner\Model\Config\Source\GetEnvMode</source_model>
                </field>
                <field id="base_url" translate="label" type="text" sortOrder="4" showInDefault="1" showInWebsite="0" showInStore="0">
                    <label>Banner Image Base Url</label>
                    <tooltip>base url of image, could be https://homepages.cae.wisc.edu/~ece533/images/</tooltip>
                </field>
                
                <field id="s3_bucket" translate="label" type="text" sortOrder="5" showInDefault="1" showInWebsite="0" showInStore="0">
                    <label>S3 Bucket</label>
                </field>
                <field id="s3_region" translate="label" type="text" sortOrder="6" showInDefault="1" showInWebsite="0" showInStore="0">
                    <label>S3 Region</label>
                </field>
                <field id="s3_key" translate="label" type="text" sortOrder="7" showInDefault="1" showInWebsite="0" showInStore="0">
                    <label>S3 Key</label>
                </field>
                <field id="s3_secret" translate="label" type="text" sortOrder="8" showInDefault="1" showInWebsite="0" showInStore="0">
                    <label>S3 Secret</label>
                </field>
                <field id="aws_path" translate="label" type="text" sortOrder="8" showInDefault="1" showInWebsite="0" showInStore="0">
                    <label>S3 Secret</label>
                </field>
                <field id="email_recipient" translate="label" type="text" sortOrder="9" showInDefault="1" showInWebsite="0" showInStore="0">
                    <label>Email Recipient (comma separated)</label>
                </field>
            </group>
        </section>
    </system>
</config>